Fund,Ticker,Company,10 days,2021-05-17,2021-05-14,2021-05-13,2021-05-12,2021-05-11,2021-05-10,2021-05-07,2021-05-06,2021-05-05,2021-05-04,CUSIP
ARKF,,DREYFUS GOVT CASH MAN INS,-16435651.29,-10387237.47,-1256307.15,-3142343.25,-14027851.02,15108744.29,1030501.4,7559941.81,-11259245.13,-20051.79,-41802.98,X9USDDGCM
ARKF,,SOUTH AFRICAN RAND,136.75,,,,136.75,,,,,,,ZAR
ARKF,1833,PING AN HEALTHCARE AND TECHN,-313200.0,-36400.0,-35000.0,-54600.0,-57200.0,-23400.0,-39000.0,,-44200.0,-7800.0,-15600.0,BDRYVB3
ARKF,3690,MEITUAN-CLASS B,-217800.0,-25200.0,-25200.0,-37800.0,-39600.0,-16200.0,-27000.0,,-30600.0,-5400.0,-10800.0,BGJW376
ARKF,4477,BASE INC,-217800.0,-25200.0,-25200.0,-37800.0,-39600.0,-16200.0,-27000.0,-5400.0,-25200.0,-5400.0,-10800.0,BKRQ8Q2
ARKF,4689,Z HOLDINGS CORP,-1101100.0,-127400.0,-127400.0,-191100.0,-200200.0,-81900.0,-136500.0,-27300.0,-127400.0,-27300.0,-54600.0,6084848
ARKF,6060,ZHONGAN ONLINE P&C INSURAN-H,-1464100.0,-169400.0,-169400.0,-254100.0,-266200.0,-108900.0,-181500.0,,-205700.0,-36300.0,-72600.0,BYZQ099
ARKF,9923,YEAHKA LTD,-4002000.0,-618000.0,-652000.0,-582400.0,-823600.0,-391200.0,-706000.0,,-149600.0,-26400.0,-52800.0,BL58D39
ARKF,AAPL,APPLE INC,-409609.0,-1820.0,-1820.0,-2730.0,-2860.0,-89243.0,-2805.0,-298505.0,-6426.0,-1134.0,-2266.0,037833100
ARKF,ADYEN,ADYEN NV,-4477.0,-518.0,-518.0,-777.0,-814.0,-333.0,-555.0,,-629.0,-111.0,-222.0,BZ1HM42
ARKF,AMZN,AMAZON.COM INC,-982.0,-112.0,-126.0,-168.0,-176.0,-72.0,-120.0,,-136.0,-24.0,-48.0,023135106
ARKF,BABA,ALIBABA GROUP HOLDING-SP ADR,-195436.0,-2422.0,-166788.0,-5922.0,-6204.0,-2538.0,-4230.0,,-4794.0,-846.0,-1692.0,01609W102
ARKF,BEKE,KE HOLDINGS INC-ADR,-64877.0,-7504.0,-7504.0,-11256.0,-11792.0,-4824.0,-8040.0,,-9129.0,-1608.0,-3220.0,482497104
ARKF,BILL,BILL.COM HOLDINGS INC,93808.0,-2520.0,-2520.0,-3780.0,-3960.0,-1620.0,-2700.0,113690.0,-1819.0,-321.0,-642.0,090043100
ARKF,COIN,COINBASE GLOBAL INC -CLASS A,203704.0,-3584.0,55401.0,43315.0,54866.0,32175.0,24365.0,,-1853.0,-327.0,-654.0,19260Q107
ARKF,DKNG,DRAFTKINGS INC - CL A,35875.0,-8050.0,91219.0,-10668.0,-11176.0,-4581.0,-7635.0,,-8653.0,-1527.0,-3054.0,26142R104
ARKF,DOCU,DOCUSIGN INC,-30613.0,-3542.0,-3542.0,-5313.0,-5566.0,-2277.0,-3795.0,,-4301.0,-759.0,-1518.0,256163106
ARKF,DSY,DISCOVERY LTD,-418901.0,-48482.0,-48468.0,-72681.0,-76164.0,-31149.0,-51945.0,,-58854.0,-10386.0,-20772.0,6177878
ARKF,FB,FACEBOOK INC-CLASS A,-23595.0,-2730.0,-2730.0,-4095.0,-4290.0,-1755.0,-2925.0,,-3315.0,-585.0,-1170.0,30303M102
ARKF,GWRE,GUIDEWIRE SOFTWARE INC,-31325.0,-3626.0,-3612.0,-5439.0,-5698.0,-2331.0,-3885.0,,-4403.0,-777.0,-1554.0,40171V100
ARKF,HDB,HDFC BANK LTD-ADR,-291391.0,-2464.0,-2464.0,-3696.0,-3872.0,-1584.0,-2640.0,-265675.0,-5882.0,-1038.0,-2076.0,40415F101
ARKF,ICE,INTERCONTINENTAL EXCHANGE IN,-435741.0,-6664.0,-6664.0,-9996.0,-10472.0,-4284.0,-7140.0,-82854.0,-8993.0,-115816.0,-182858.0,45866F104
ARKF,INTU,INTUIT INC,-12584.0,-1456.0,-1456.0,-2184.0,-2288.0,-936.0,-1560.0,,-1768.0,-312.0,-624.0,461202103
ARKF,JD,JD.COM INC-ADR,376840.0,-15918.0,-15918.0,-23856.0,-24992.0,-10233.0,353379.0,135542.0,-13838.0,-2442.0,-4884.0,47215P106
ARKF,KSPI,JSC KASPI.KZ GDR-REG S,-11723.0,-1358.0,-1344.0,-2037.0,-2134.0,-873.0,-1455.0,,-1649.0,-291.0,-582.0,BMXZ8G7
ARKF,LC,LENDINGCLUB CORP,-207512.0,-24010.0,-24010.0,-36015.0,-37730.0,-15426.0,-25725.0,,-29155.0,-5145.0,-10296.0,52603A208
ARKF,MELI,MERCADOLIBRE INC,6229.0,-812.0,-812.0,-1218.0,-1276.0,-522.0,-870.0,13039.0,-850.0,-150.0,-300.0,58733R102
ARKF,MKTX,MARKETAXESS HOLDINGS INC,-33293.0,-1114.0,-14.0,-21.0,-22.0,-9.0,-15.0,-31552.0,-357.0,-63.0,-126.0,57060D108
ARKF,NVDA,NVIDIA CORP,-607.0,-514.0,,-21.0,-22.0,-9.0,-15.0,,-17.0,-3.0,-6.0,67066G104
ARKF,OPEN,OPENDOOR TECHNOLOGIES INC,-463550.0,-53648.0,-53634.0,-80451.0,-84260.0,-34479.0,-57465.0,,-65127.0,-11496.0,-22990.0,683712103
ARKF,PATH,UIPATH INC - CLASS A,161886.0,44425.0,-3612.0,-5418.0,-5676.0,-2322.0,-3870.0,142701.0,-2839.0,-501.0,-1002.0,90364P105
ARKF,PDD,PINDUODUO INC-ADR,74107.0,-6174.0,-6174.0,-9261.0,-9702.0,-3969.0,-6615.0,,-7497.0,-1323.0,124822.0,722304102
ARKF,PINS,PINTEREST INC- CLASS A,-161414.0,-18676.0,-18676.0,-28014.0,-29348.0,-12006.0,-20010.0,,-22678.0,-4002.0,-8004.0,72352L106
ARKF,PYPL,PAYPAL HOLDINGS INC,-52756.0,-6104.0,-6104.0,-9156.0,-9592.0,-3924.0,-6540.0,,-7412.0,-1308.0,-2616.0,70450Y103
ARKF,SCHW,SCHWAB (CHARLES) CORP,-54467.0,-6300.0,-6300.0,-9450.0,-9900.0,-4050.0,-6750.0,,-7667.0,-1350.0,-2700.0,808513105
ARKF,SE,SEA LTD-ADR,-58806.0,-6804.0,-6804.0,-10206.0,-10692.0,-4374.0,-7290.0,,-8262.0,-1458.0,-2916.0,81141R100
ARKF,SHOP,SHOPIFY INC - CLASS A,-9323.0,-1484.0,1766.0,-2163.0,-2266.0,-936.0,-1560.0,,-1751.0,-309.0,-620.0,82509L107
ARKF,SI,SILVERGATE CAPITAL CORP-CL A,-577595.0,-6608.0,-37551.0,-23221.0,-153320.0,-51507.0,-188014.0,-96600.0,-13583.0,-2397.0,-4794.0,82837P408
ARKF,SNAP,SNAP INC - A,-144282.0,-16702.0,-16688.0,-25032.0,-26224.0,-10728.0,-17895.0,,-20281.0,-3576.0,-7156.0,83304A106
ARKF,SQ,SQUARE INC - A,-103151.0,-15190.0,11309.0,-22407.0,-23474.0,-9603.0,-16020.0,,-18156.0,-3204.0,-6406.0,852234103
ARKF,STNE,STONECO LTD-A,296354.0,-2828.0,-2814.0,-4242.0,-4444.0,-1818.0,-3030.0,,-3434.0,86033.0,232931.0,G85158106
ARKF,TCEHY,TENCENT HOLDINGS LTD-UNS ADR,-124872.0,-14448.0,-14448.0,-21672.0,-22704.0,-9288.0,-15480.0,,-17544.0,-3096.0,-6192.0,88032Q109
ARKF,TCS LI,TCS GROUP HOLDING-GDR REG S,-102912.0,-11914.0,-11900.0,-17850.0,-18700.0,-7659.0,-12765.0,,-14467.0,-2553.0,-5104.0,87238U203
ARKF,TDOC,TELADOC HEALTH INC,-21659.0,-2506.0,-2506.0,-3759.0,-3938.0,-1611.0,-2685.0,,-3043.0,-537.0,-1074.0,87918A105
ARKF,TREE UW,LENDINGTREE INC,-145.0,-14.0,-14.0,-21.0,-22.0,-9.0,-15.0,,-34.0,-6.0,-10.0,52603B107
ARKF,TWLO,TWILIO INC - A,25512.0,9184.0,-2954.0,-4431.0,-4642.0,36022.0,-2805.0,,-3179.0,-561.0,-1122.0,90138F102
ARKF,WDAY,WORKDAY INC-CLASS A,-23173.0,-2688.0,-2674.0,-4011.0,-4202.0,-1728.0,-2880.0,,-3264.0,-576.0,-1150.0,98138H101
ARKF,Z,ZILLOW GROUP INC - C,86463.0,-14252.0,18832.0,-20895.0,-21912.0,-8964.0,-14940.0,171630.0,-15062.0,-2658.0,-5316.0,98954M200
ARKG,,CM LIFE SCIENCES II INC,514884.0,2871.0,-213.0,37194.0,36439.0,19225.0,13790.0,135576.0,-1925.0,167252.0,104675.0,125842203
ARKG,,DREYFUS GOVT CASH MAN INS,10997369.45,5323167.2,6117663.38,-12960279.64,-5631071.75,30997541.18,-1217770.83,-12810249.8,13794131.73,-18674839.29,6059077.27,X9USDDGCM
ARKG,ABBV,ABBVIE INC,-38700.0,516.0,-4902.0,-4644.0,-3354.0,-7998.0,-1032.0,-5934.0,-2322.0,-5676.0,-3354.0,00287Y109
ARKG,ACCD,ACCOLADE INC,-232432.0,6542.0,16463.0,-45468.0,-32838.0,-78306.0,-10108.0,20799.0,-22401.0,-54758.0,-32357.0,00437E102
ARKG,ADPT,ADAPTIVE BIOTECHNOLOGIES,470778.0,4128.0,-39197.0,540028.0,7389.0,79414.0,-6816.0,-39192.0,-15336.0,-37488.0,-22152.0,00650F109
ARKG,AQB,AQUABOUNTY TECHNOLOGIES,-521829.0,-22841.0,-61959.0,-58698.0,-42393.0,-101091.0,-13048.0,-75003.0,-32620.0,-71764.0,-42412.0,03842K200
ARKG,ARCT UQ,ARCTURUS THERAPEUTICS HOLDIN,-238253.0,-10430.0,-28291.0,-26802.0,-19357.0,-46159.0,-5956.0,-34247.0,-14890.0,-32758.0,-19363.0,03969T109
ARKG,BEAM,BEAM THERAPEUTICS INC,-125241.0,1679.0,-15865.0,-15030.0,-10855.0,-25885.0,-3340.0,-19205.0,-7515.0,-18370.0,-10855.0,07373V105
ARKG,BFLY,BUTTERFLY NETWORK INC,995790.0,7498.0,1205676.0,130995.0,-39377.0,-93930.0,-12124.0,-69667.0,-27260.0,-66638.0,-39383.0,124155102
ARKG,BLI,BERKELEY LIGHTS INC,19701.0,78965.0,-28747.0,134397.0,-18642.0,-44454.0,-5740.0,-32982.0,-12906.0,-31548.0,-18642.0,084310101
ARKG,BMY,BRISTOL-MYERS SQUIBB CO,-240444.0,1946.0,-107385.0,-18270.0,-13195.0,-31465.0,-4064.0,-23345.0,-9135.0,-22330.0,-13201.0,110122108
ARKG,CDNA,CAREDX INC,-37078.0,4432.0,-42066.0,-39870.0,-3679.0,118054.0,-7656.0,25183.0,-18711.0,-45738.0,-27027.0,14167L103
ARKG,CDXS,CODEXIS INC,-231842.0,33938.0,31104.0,-7918.0,-12906.0,-68168.0,-11716.0,-67344.0,-26352.0,-64416.0,-38064.0,192005106
ARKG,CERS,CERUS CORP,-493669.0,-21609.0,-58615.0,-55530.0,-40105.0,-95635.0,-12344.0,-70955.0,-30860.0,-67892.0,-40124.0,157085101
ARKG,CGEN,COMPUGEN LTD,-346353.0,-15162.0,-41116.0,-38970.0,-28132.0,-67084.0,-8664.0,-49772.0,-21650.0,-47652.0,-28151.0,M25722105
ARKG,CLLS,CELLECTIS - ADR,-365422.0,-15995.0,-43377.0,-41094.0,-29692.0,-70804.0,-9136.0,-52509.0,-22840.0,-50270.0,-29705.0,15117K103
ARKG,CMLF,CM LIFE SCIENCES INC-CLASS A,-298493.0,3991.0,-37810.0,-35820.0,-25870.0,-61690.0,-7964.0,-45770.0,-17910.0,-43780.0,-25870.0,18978W109
ARKG,CRSP,CRISPR THERAPEUTICS AG,-139680.0,-6111.0,-16587.0,-15714.0,-11349.0,-27063.0,-3492.0,-20079.0,-8730.0,-19206.0,-11349.0,H17182108
ARKG,CSTL,CASTLE BIOSCIENCES INC,-181557.0,2422.0,-22990.0,-21798.0,-15730.0,-37541.0,-4844.0,-27830.0,-10890.0,-26620.0,-15736.0,14843C105
ARKG,EDIT,EDITAS MEDICINE INC,-109674.0,-4802.0,-13015.0,-12348.0,-8905.0,-21235.0,-2744.0,-15755.0,-6860.0,-15092.0,-8918.0,28106W103
ARKG,EVGN,EVOGENE LTD,-277523.0,-12152.0,-32946.0,-31212.0,-22555.0,-53754.0,-6940.0,-39882.0,-17350.0,-38170.0,-22562.0,M4119S104
ARKG,EXAS,EXACT SCIENCES CORP,49841.0,22020.0,150566.0,-31806.0,-22971.0,-54777.0,-7072.0,-40641.0,94582.0,-37752.0,-22308.0,30063P105
ARKG,FATE,FATE THERAPEUTICS INC,48335.0,3830.0,-36347.0,-34434.0,-24869.0,-6435.0,40434.0,183552.0,-15831.0,-38698.0,-22867.0,31189P102
ARKG,GH,GUARDANT HEALTH INC,-49200.0,656.0,-6232.0,-5904.0,-4264.0,-10168.0,-1312.0,-7544.0,-2952.0,-7216.0,-4264.0,40131M109
ARKG,INCY,INCYTE CORP,-208948.0,2788.0,-26467.0,-25074.0,-18109.0,-43183.0,-5572.0,-32039.0,-12537.0,-30646.0,-18109.0,45337C102
ARKG,IONS,IONIS PHARMACEUTICALS INC,1892397.0,167203.0,87801.0,65524.0,61519.0,25135.0,319783.0,288096.0,100548.0,418562.0,358226.0,462222100
ARKG,IOVA,IOVANCE BIOTHERAPEUTICS INC,-558156.0,-24430.0,-66272.0,-62784.0,-45344.0,-108128.0,-13956.0,-80224.0,-34890.0,-76758.0,-45370.0,462260100
ARKG,MASS,908 DEVICES INC,605966.0,29724.0,366792.0,11250.0,42234.0,73125.0,13234.0,25511.0,-1953.0,42448.0,3601.0,65443P102
ARKG,MCRB,SERES THERAPEUTICS INC,-215096.0,-9415.0,-25536.0,-24192.0,-17472.0,-41664.0,-5380.0,-30912.0,-13450.0,-29590.0,-17485.0,81750R102
ARKG,NSTG,NANOSTRING TECHNOLOGIES INC,-429958.0,904.0,-8569.0,-8118.0,-90573.0,-53419.0,-85677.0,-157314.0,-5562.0,-13596.0,-8034.0,63009R109
ARKG,NTLA,INTELLIA THERAPEUTICS INC,-131886.0,-5775.0,-15656.0,-14832.0,-10712.0,-25544.0,-3300.0,-18952.0,-8240.0,-18150.0,-10725.0,45826J105
ARKG,NVS,NOVARTIS AG-SPONSORED ADR,-345621.0,3816.0,-36233.0,-34326.0,-24791.0,-59117.0,-7628.0,-43861.0,-17163.0,-41954.0,-84364.0,66987V109
ARKG,NVTA,INVITAE CORP,24043.0,-17759.0,-48184.0,-45648.0,-32968.0,-78616.0,-10148.0,-58328.0,397565.0,-51458.0,-30413.0,46185L103
ARKG,ONEM,1LIFE HEALTHCARE INC,1070149.0,2160.0,1136085.0,-9216.0,-6656.0,-15872.0,-2048.0,-11776.0,-4608.0,-11264.0,-6656.0,68269G107
ARKG,ONVO ,ORGANOVO HOLDINGS INC,-22720.0,-994.0,-2698.0,-2556.0,-1846.0,-4402.0,-568.0,-3266.0,-1420.0,-3124.0,-1846.0,68620A203
ARKG,PACB,PACIFIC BIOSCIENCES OF CALIF,-1022690.0,-44765.0,-121410.0,-115038.0,-83083.0,-198121.0,-25572.0,-146993.0,-63940.0,-140646.0,-83122.0,69404D108
ARKG,PATH,UIPATH INC - CLASS A,428782.0,1026.0,111634.0,35224.0,-5616.0,149122.0,-1420.0,-8165.0,-3195.0,-7810.0,157982.0,90364P105
ARKG,PHR,PHREESIA INC,-598599.0,-6492.0,-24285.0,-62010.0,-211344.0,-64879.0,-704.0,-39216.0,-47839.0,-29250.0,-112580.0,71944F106
ARKG,PSNL,PERSONALIS INC,-408056.0,-17857.0,-48450.0,-45900.0,-33150.0,-79050.0,-10204.0,-58650.0,-25510.0,-56122.0,-33163.0,71535D106
ARKG,PSTG,PURE STORAGE INC - CLASS A,-879605.0,-20356.0,-55214.0,-52308.0,-37778.0,-90117.0,-11632.0,-66838.0,-29080.0,-354477.0,-161805.0,74624M102
ARKG,PSTI,PLURISTEM THERAPEUTICS INC,-399252.0,-43996.0,-23272.0,-20296.0,-15085.0,-28613.0,-3696.0,-33020.0,-9490.0,-164512.0,-57272.0,72940R300
ARKG,REGN,REGENERON PHARMACEUTICALS,-230523.0,674.0,-79294.0,-52586.0,-5122.0,-12214.0,-1580.0,-9062.0,-49569.0,-9152.0,-12618.0,75886F107
ARKG,RHHBY,ROCHE HOLDINGS LTD-SPONS ADR,-3051872.0,-98506.0,-156973.0,-69622.0,-116960.0,-549064.0,-111172.0,-1063186.0,-500692.0,-216880.0,-168817.0,771195104
ARKG,RPTX,REPARE THERAPEUTICS INC,143456.0,4263.0,4379.0,-3786.0,2097.0,3098.0,-2968.0,44112.0,33012.0,-935.0,60184.0,760273102
ARKG,RXRX,RECURSION PHARMACEUTICALS-A,717587.0,70906.0,33071.0,360020.0,-9542.0,-22754.0,-2936.0,-16882.0,-6606.0,163855.0,148455.0,75629V104
ARKG,SDGR,SCHRODINGER INC,-99393.0,2470.0,-23446.0,-22212.0,-16042.0,-38254.0,-4936.0,55563.0,-10746.0,-26268.0,-15522.0,80810D103
ARKG,SEER,SEER INC,-59398.0,794.0,-7524.0,-7128.0,-5148.0,-12276.0,-1584.0,-9108.0,-3564.0,-8712.0,-5148.0,81578P106
ARKG,SGFY,SIGNIFY HEALTH INC -CLASS A,227191.0,204105.0,93267.0,40229.0,-12480.0,-29760.0,-3844.0,-22080.0,-8640.0,-21120.0,-12486.0,82671G100
ARKG,SRPT,SAREPTA THERAPEUTICS INC,-1307717.0,-179097.0,-46467.0,-87676.0,-41450.0,-215726.0,-2184.0,-696969.0,-7803.0,-19074.0,-11271.0,803607100
ARKG,SURF,SURFACE ONCOLOGY INC,10590.0,5425.0,-39045.0,-36990.0,-26715.0,21894.0,-8060.0,-28738.0,189634.0,-41998.0,-24817.0,86877M209
ARKG,SYRS,SYROS PHARMACEUTICALS INC,-1128975.0,-206353.0,-409006.0,-157178.0,-74384.0,-17949.0,-112082.0,-111663.0,-16490.0,-15004.0,-8866.0,87184Q107
ARKG,TAK UN,TAKEDA PHARMACEUTIC-SP ADR,-2996991.0,15784.0,-663142.0,-222150.0,-106262.0,-518207.0,-193620.0,-589805.0,-414348.0,-191862.0,-113379.0,874060205
ARKG,TDOC,TELADOC HEALTH INC,-89180.0,3826.0,-36309.0,-34416.0,-24856.0,-59272.0,-7648.0,-43976.0,97477.0,-40876.0,56870.0,87918A105
ARKG,TMO,THERMO FISHER SCIENTIFIC INC,-188368.0,-2798.0,-39566.0,-62018.0,-663.0,-1581.0,-204.0,-1173.0,-459.0,-17675.0,-62231.0,883556102
ARKG,TWST,TWIST BIOSCIENCE CORP,-216948.0,-9499.0,-25745.0,-24408.0,-17628.0,-42036.0,-5424.0,-31188.0,-13560.0,-29832.0,-17628.0,90184D100
ARKG,TXG,10X GENOMICS INC-CLASS A,53685.0,1376.0,-13053.0,-12366.0,-8931.0,-21297.0,-2748.0,137764.0,-5535.0,-13530.0,-7995.0,88025U109
ARKG,VCYT,VERACYTE INC,357072.0,-7077.0,-19190.0,-18180.0,88802.0,275104.0,27386.0,44967.0,-7720.0,-16984.0,-10036.0,92337F107
ARKG,VEEV,VEEVA SYSTEMS INC-CLASS A,-58650.0,782.0,-7429.0,-7038.0,-5083.0,-12121.0,-1564.0,-8993.0,-3519.0,-8602.0,-5083.0,922475108
ARKG,VRTX,VERTEX PHARMACEUTICALS INC,-213191.0,-556.0,-106102.0,-14418.0,-10413.0,-24831.0,-3204.0,-18423.0,-7209.0,-17622.0,-10413.0,92532F100
ARKG,ZY,ZYMERGEN INC,638268.0,1038.0,219064.0,314208.0,-3250.0,-7750.0,-1000.0,-5750.0,-2250.0,26495.0,97463.0,98985X100
ARKK,,DREYFUS GOVT CASH MAN INS,-7526853.03,-54079576.32,-53152254.52,13018992.15,73303973.77,57801464.76,,-39836485.42,39836485.42,-35058172.72,-9361280.15,X9USDDGCM
ARKK,BEAM,BEAM THERAPEUTICS INC,652842.0,32454.0,46768.0,-49770.0,96793.0,431376.0,70992.0,-5220.0,-3132.0,88596.0,-56015.0,07373V105
ARKK,BEKE,KE HOLDINGS INC-ADR,-2847246.0,24651.0,-56490.0,-356836.0,-1173091.0,-1241405.0,111248.0,-8175.0,-4905.0,-24525.0,-117718.0,482497104
ARKK,BIDU,BAIDU INC - SPON ADR,-3451800.0,-18820.0,-300883.0,-437550.0,-134649.0,-362919.0,-178688.0,-798921.0,-268042.0,-592855.0,-358473.0,056752108
ARKK,BLI,BERKELEY LIGHTS INC,1082521.0,25002.0,-12038.0,23824.0,549897.0,173188.0,48824.0,312878.0,-1896.0,8130.0,-45288.0,084310101
ARKK,CERS,CERUS CORP,-968058.0,-70668.0,-66810.0,-184898.0,-55468.0,-115072.0,-28336.0,-40520.0,-24330.0,-81220.0,-300736.0,157085101
ARKK,CGEN,COMPUGEN LTD,-509322.0,-37188.0,-35156.0,-97290.0,-29176.0,-60552.0,-14910.0,-21320.0,-12798.0,-42720.0,-158212.0,M25722105
ARKK,COIN,COINBASE GLOBAL INC -CLASS A,507464.0,96639.0,63358.0,-24444.0,6402.0,-13380.0,39651.0,190217.0,-1593.0,185174.0,-34560.0,19260Q107
ARKK,CRSP,CRISPR THERAPEUTICS AG,-182678.0,-3004.0,71014.0,-59079.0,-3668.0,-36656.0,-9023.0,-12900.0,-7746.0,-25860.0,-95756.0,H17182108
ARKK,DKNG,DRAFTKINGS INC - CL A,3433998.0,52407.0,-25233.0,390105.0,478641.0,634118.0,455964.0,398400.0,561472.0,561348.0,-73224.0,26142R104
ARKK,DOCU,DOCUSIGN INC,-41339.0,16659.0,-8021.0,-25914.0,6787.0,-14191.0,41956.0,-3085.0,-1851.0,-9255.0,-44424.0,256163106
ARKK,EDIT,EDITAS MEDICINE INC,-338010.0,-24678.0,-23324.0,-64578.0,-19362.0,-40165.0,-9891.0,-14150.0,-8496.0,-28360.0,-105006.0,28106W103
ARKK,EXAS,EXACT SCIENCES CORP,41746.0,38367.0,-18473.0,265968.0,14696.0,-30728.0,90848.0,-6680.0,-4008.0,-208452.0,-99792.0,30063P105
ARKK,FATE,FATE THERAPEUTICS INC,212401.0,23967.0,-11518.0,-37212.0,73794.0,185402.0,55488.0,-4080.0,-2448.0,-12240.0,-58752.0,31189P102
ARKK,HUYA,HUYA INC-ADR,-1761853.0,-523232.0,-19975.0,-156181.0,-587954.0,-303028.0,-10227.0,-14620.0,-8784.0,-29320.0,-108532.0,44852D108
ARKK,ICE,INTERCONTINENTAL EXCHANGE IN,-627769.0,10044.0,-262395.0,-99389.0,5082.0,-266879.0,35972.0,-2645.0,-1584.0,-7935.0,-38040.0,45866F104
ARKK,IOVA,IOVANCE BIOTHERAPEUTICS INC,-704670.0,-51444.0,-48637.0,-134608.0,-40376.0,-83752.0,-20629.0,-29500.0,-17712.0,-59120.0,-218892.0,462260100
ARKK,IRDM,IRIDIUM COMMUNICATIONS INC,152543.0,59076.0,-28427.0,-91854.0,24068.0,-50324.0,148784.0,-10940.0,-6561.0,93390.0,15331.0,46269C102
ARKK,MCRB,SERES THERAPEUTICS INC,-408130.0,-29790.0,-28169.0,-77973.0,-23380.0,-48517.0,-11949.0,-17090.0,-10260.0,-34240.0,-126762.0,81750R102
ARKK,MTLS,MATERIALISE NV-ADR,-292862.0,-21384.0,-20213.0,-55930.0,-16786.0,-34800.0,-8575.0,-12260.0,-7362.0,-24580.0,-90972.0,57667T100
ARKK,NSTG,NANOSTRING TECHNOLOGIES INC,-33567.0,13527.0,-6513.0,-21042.0,5511.0,-11523.0,34068.0,-2505.0,-1503.0,-7515.0,-36072.0,63009R109
ARKK,NTDOY,NINTENDO CO LTD-UNSPONS ADR,-485094.0,30861.0,-14842.0,-47964.0,-53040.0,-163908.0,-44934.0,-78954.0,-3744.0,-18715.0,-89854.0,654445303
ARKK,NTLA,INTELLIA THERAPEUTICS INC,-327871.0,-23940.0,-22627.0,-62651.0,-18788.0,-38976.0,-9597.0,-13730.0,-8238.0,-27500.0,-101824.0,45826J105
ARKK,NVS,NOVARTIS AG-SPONSORED ADR,-924778.0,11718.0,-243257.0,-202590.0,-15078.0,-12650.0,-164851.0,-238130.0,-1998.0,-9990.0,-47952.0,66987V109
ARKK,NVTA,INVITAE CORP,-66697.0,-68652.0,-64906.0,-179634.0,-53872.0,-111766.0,-27524.0,-39370.0,828693.0,-74360.0,-275306.0,46185L103
ARKK,ONVO ,ORGANOVO HOLDINGS INC,64870.0,-12268.0,-357.0,-987.0,78482.0,,,,,,,68620A203
ARKK,PACB,PACIFIC BIOSCIENCES OF CALIF,53650.0,-3349.0,261682.0,-71769.0,91755.0,-43790.0,-10787.0,-15430.0,-9264.0,-30920.0,-114478.0,69404D108
ARKK,PATH,UIPATH INC - CLASS A,2144529.0,25920.0,682959.0,450614.0,516440.0,101001.0,33123.0,-2430.0,84875.0,193983.0,58044.0,90364P105
ARKK,PCAR,PACCAR INC,-664312.0,-4273.0,-20091.0,-294.0,91.0,-161.0,476.0,-35.0,-15.0,-124222.0,-515788.0,693718108
ARKK,PD,PAGERDUTY INC,-383520.0,-27990.0,-26469.0,-73273.0,-21966.0,-45588.0,-11228.0,-16050.0,-9636.0,-32180.0,-119140.0,69553P100
ARKK,PLTR,PALANTIR TECHNOLOGIES INC-A,6597879.0,225280.0,-73866.0,1851861.0,2189836.0,971569.0,292067.0,-21465.0,-12879.0,1455700.0,-280224.0,69608A108
ARKK,PRLB,PROTO LABS INC,-157916.0,-11520.0,-10897.0,-30174.0,-9044.0,-18763.0,-4620.0,-6610.0,-3966.0,-13260.0,-49062.0,743713109
ARKK,PSTG,PURE STORAGE INC - CLASS A,-5533879.0,-50184.0,-882848.0,-450408.0,-43652.0,-90567.0,-526940.0,-1854467.0,-843305.0,-485000.0,-306508.0,74624M102
ARKK,REGN,REGENERON PHARMACEUTICALS,-218766.0,-1121.0,,-3042.0,-70082.0,-40798.0,2040.0,-100633.0,-171.0,-855.0,-4104.0,75886F107
ARKK,ROKU,ROKU INC,81672.0,24948.0,-12012.0,-38808.0,73958.0,-20861.0,61676.0,97400.0,-2640.0,-13200.0,-88789.0,77543R102
ARKK,SE,SEA LTD-ADR,-49637.0,9801.0,-4719.0,-15246.0,3993.0,-8349.0,24684.0,-1815.0,-1089.0,-5445.0,-51452.0,81141R100
ARKK,SHOP,SHOPIFY INC - CLASS A,6722.0,5049.0,-2431.0,-7854.0,21058.0,-4186.0,12376.0,-910.0,-546.0,-2730.0,-13104.0,82509L107
ARKK,SKLZ,SKILLZ INC,10174546.0,109485.0,915063.0,287182.0,40502.0,-84680.0,1345323.0,2282329.0,1961411.0,2693951.0,623980.0,83067L109
ARKK,SNPS,SYNOPSYS INC,-684213.0,-28060.0,-46892.0,-175333.0,-141006.0,-152439.0,13124.0,-965.0,-46749.0,-89477.0,-16416.0,871607107
ARKK,SPOT,SPOTIFY TECHNOLOGY SA,30628.0,22059.0,-10621.0,-34314.0,93254.0,-18285.0,54060.0,-3975.0,-2385.0,-11925.0,-57240.0,L8681T102
ARKK,SQ,SQUARE INC - A,-362303.0,30294.0,-14586.0,-47124.0,12342.0,-25806.0,76296.0,-5610.0,-3366.0,-298631.0,-86112.0,852234103
ARKK,SSYS,STRATASYS LTD,-328782.0,-24012.0,-22695.0,-62792.0,-18844.0,-39092.0,-9625.0,-13760.0,-8262.0,-27580.0,-102120.0,M85548101
ARKK,SYRS,SYROS PHARMACEUTICALS INC,-256821.0,-18738.0,-17714.0,-49068.0,-14728.0,-30537.0,-7518.0,-10750.0,-6456.0,-21540.0,-79772.0,87184Q107
ARKK,TCEHY,TENCENT HOLDINGS LTD-UNS ADR,-56481.0,22761.0,-10959.0,-35406.0,9273.0,-19389.0,57324.0,-4215.0,-2529.0,-12645.0,-60696.0,88032Q109
ARKK,TDOC,TELADOC HEALTH INC,260029.0,61209.0,-29471.0,-95172.0,24937.0,-52141.0,154231.0,-11335.0,127119.0,110314.0,-29662.0,87918A105
ARKK,TER,TERADYNE INC,381273.0,14364.0,-6916.0,-22302.0,5852.0,407592.0,28696.0,-2110.0,-1266.0,-6330.0,-36307.0,880770102
ARKK,TREE UW,LENDINGTREE INC,-841842.0,-103919.0,-236695.0,-106277.0,-92718.0,-57340.0,-44106.0,-56409.0,-65292.0,-60882.0,-18204.0,52603B107
ARKK,TRMB,TRIMBLE INC,-24951.0,10098.0,-4862.0,-15666.0,4128.0,-8602.0,25432.0,-1870.0,-1119.0,-5610.0,-26880.0,896239100
ARKK,TSLA,TESLA INC,-60052.0,24219.0,-11661.0,-37627.0,9867.0,-20631.0,60996.0,-4485.0,-2691.0,-13455.0,-64584.0,88160R101
ARKK,TSP,TUSIMPLE HOLDINGS INC - A,1212608.0,107868.0,301932.0,396681.0,283498.0,92729.0,111970.0,-4315.0,-2589.0,-12960.0,-62206.0,90089L108
ARKK,TWLO,TWILIO INC - A,542058.0,16461.0,57807.0,41389.0,6314.0,94455.0,37128.0,196855.0,12895.0,111658.0,-32904.0,90138F102
ARKK,TWOU,2U INC,-409075.0,-29862.0,-28237.0,-78161.0,-23436.0,-48633.0,-11970.0,-17120.0,-10278.0,-34320.0,-127058.0,90214J101
ARKK,TWST,TWIST BIOSCIENCE CORP,-160269.0,-11700.0,-11067.0,-30597.0,-9184.0,-19053.0,-4690.0,-6710.0,-4026.0,-13440.0,-49802.0,90184D100
ARKK,TWTR,TWITTER INC,1398766.0,36126.0,-17394.0,-56196.0,14718.0,-30774.0,90984.0,-6690.0,-4014.0,-20070.0,1392076.0,90184L102
ARKK,TXG,10X GENOMICS INC-CLASS A,377728.0,19170.0,-9230.0,-29778.0,7810.0,139601.0,45492.0,258571.0,-1797.0,-8985.0,-43126.0,88025U109
ARKK,U,UNITY SOFTWARE INC,1400791.0,76465.0,318319.0,377282.0,267746.0,-39422.0,472779.0,71442.0,-4794.0,-23970.0,-115056.0,91332U101
ARKK,VCYT,VERACYTE INC,-245835.0,-17946.0,-16966.0,-46953.0,-14084.0,-29232.0,-7196.0,-10290.0,-6180.0,-20620.0,-76368.0,92337F107
ARKK,Z,ZILLOW GROUP INC - C,-6524.0,45333.0,9424.0,70154.0,17974.0,-37582.0,111112.0,-8170.0,-4902.0,-24510.0,-185357.0,98954M200
ARKK,ZM,ZOOM VIDEO COMMUNICATIONS-A,156311.0,25116.0,44080.0,43012.0,76067.0,-14737.0,43656.0,-3200.0,-1923.0,-9610.0,-46150.0,98980L101
ARKQ,,DREYFUS GOVT CASH MAN INS,-5995633.33,826437.11,-7854781.48,2377890.75,4569196.95,182991.54,2505714.46,-2167539.46,3155284.21,-2897777.13,-6693050.28,X9USDDGCM
ARKQ,ACIC,ATLAS CREST INVESTMENT COR-A,-115649.0,-4130.0,-8260.0,-14455.0,-8264.0,-14455.0,-10325.0,-14455.0,-8260.0,-10330.0,-22715.0,049284102
ARKQ,ADSK,AUTODESK INC,-5244.0,-186.0,-372.0,-651.0,-376.0,-651.0,-470.0,-658.0,-376.0,-470.0,-1034.0,052769106
ARKQ,ANSS,ANSYS INC,-7336.0,-262.0,-524.0,-917.0,-524.0,-917.0,-655.0,-917.0,-524.0,-655.0,-1441.0,03662Q105
ARKQ,AONE,ONE - CLASS A,-44887.0,-5590.0,-11180.0,-19565.0,14767.0,31542.0,2481.0,-4276.0,-10612.0,-13270.0,-29184.0,G7000X105
ARKQ,AVAV,AEROVIRONMENT INC,-35056.0,-1252.0,-2504.0,-4382.0,-2504.0,-4382.0,-3130.0,-4382.0,-2504.0,-3130.0,-6886.0,008073108
ARKQ,BABA,ALIBABA GROUP HOLDING-SP ADR,-10080.0,-360.0,-720.0,-1260.0,-720.0,-1260.0,-900.0,-1260.0,-720.0,-900.0,-1980.0,01609W102
ARKQ,BIDU,BAIDU INC - SPON ADR,-87201.0,-1894.0,-35757.0,-6937.0,-3964.0,-6937.0,-4955.0,-6937.0,-3964.0,-4955.0,-10901.0,056752108
ARKQ,BLDE,BLADE AIR MOBILITY INC,2598542.0,-7120.0,-14240.0,-24920.0,-14240.0,2659062.0,,,,,,092667104
ARKQ,BYDDY,BYD CO LTD-UNSPONSORED ADR,-87192.0,-3114.0,-6228.0,-10899.0,-6228.0,-10899.0,-7785.0,-10899.0,-6228.0,-7785.0,-17127.0,05606L100
ARKQ,CAT,CATERPILLAR INC,-71348.0,-682.0,-1364.0,-2387.0,-1364.0,-2387.0,-1705.0,-53299.0,-1632.0,-2040.0,-4488.0,149123101
ARKQ,DDD,3D SYSTEMS CORP,193400.0,-8462.0,-16924.0,-29617.0,-16928.0,-29624.0,-21155.0,-29624.0,-16924.0,-21160.0,383818.0,88554D205
ARKQ,DE,DEERE & CO,-77821.0,-614.0,-1228.0,-2149.0,-1228.0,-2149.0,-1535.0,-61238.0,-1536.0,-1920.0,-4224.0,244199105
ARKQ,ESLT,ELBIT SYSTEMS LTD,-20651.0,-736.0,-1472.0,-2583.0,-1476.0,-2576.0,-1845.0,-2583.0,-1476.0,-1845.0,-4059.0,M3760D101
ARKQ,EXPC,EXPERIENCE INVESTMENT CORP-A,-2720759.0,,,,,-2683982.0,-17800.0,10311.0,26104.0,-17310.0,-38082.0,30217C109
ARKQ,GLEO,GALILEO ACQUISITION CORP,514851.0,-4038.0,-8076.0,-14133.0,-8080.0,-14140.0,-10100.0,-14140.0,-8076.0,58935.0,536699.0,G3770A102
ARKQ,GOOG,ALPHABET INC-CL C,-9722.0,-160.0,-320.0,-3676.0,-2205.0,-609.0,-430.0,-602.0,-344.0,-430.0,-946.0,02079K107
ARKQ,IRDM,IRIDIUM COMMUNICATIONS INC,403540.0,-7806.0,-15612.0,-27321.0,-15612.0,230187.0,49024.0,252916.0,-12444.0,-15560.0,-34232.0,46269C102
ARKQ,ISRG,INTUITIVE SURGICAL INC,-14260.0,-96.0,-192.0,-336.0,-192.0,-336.0,-240.0,-11608.0,-252.0,-315.0,-693.0,46120E602
ARKQ,JD,JD.COM INC-ADR,449747.0,-7042.0,-14084.0,-24647.0,-14084.0,-24647.0,-17605.0,381053.0,31304.0,111377.0,28122.0,47215P106
ARKQ,KMTUY,KOMATSU LTD -SPONS ADR,-521916.0,-7838.0,-15676.0,-27433.0,-42909.0,-57370.0,-19975.0,-264635.0,-17216.0,-21520.0,-47344.0,500458401
ARKQ,KTOS,KRATOS DEFENSE & SECURITY,698237.0,-17422.0,-34840.0,-60970.0,823762.0,29205.0,58788.0,43750.0,-28804.0,-36010.0,-79222.0,50077B207
ARKQ,LMT,LOCKHEED MARTIN CORP,-17192.0,-614.0,-1228.0,-2149.0,-1228.0,-2149.0,-1535.0,-2149.0,-1228.0,-1535.0,-3377.0,539830109
ARKQ,MGA,MAGNA INTERNATIONAL INC,-49952.0,-1784.0,-3568.0,-6244.0,-3568.0,-6244.0,-4460.0,-6244.0,-3568.0,-4460.0,-9812.0,559222401
ARKQ,MTLS,MATERIALISE NV-ADR,-124079.0,-4430.0,-8860.0,-15505.0,-8864.0,-15512.0,-11080.0,-15512.0,-8860.0,-11080.0,-24376.0,57667T100
ARKQ,NIU,NIU TECHNOLOGIES-SPONS ADR,-145033.0,-5180.0,-10360.0,-18123.0,-10360.0,-18130.0,-12950.0,-18130.0,-10360.0,-12950.0,-28490.0,65481N100
ARKQ,NNDM,NANO DIMENSION LTD - ADR,-600347.0,-21440.0,-42876.0,-75040.0,-42884.0,-75054.0,-53600.0,-75047.0,-42880.0,-53605.0,-117921.0,63008G203
ARKQ,NVDA,NVIDIA CORP,-21799.0,-192.0,-384.0,-672.0,-384.0,-672.0,-480.0,-672.0,-384.0,-480.0,-17479.0,67066G104
ARKQ,NXPI,NXP SEMICONDUCTORS NV,-40992.0,-1464.0,-2928.0,-5124.0,-2928.0,-5124.0,-3660.0,-5124.0,-2928.0,-3660.0,-8052.0,N6596X109
ARKQ,ONVO ,ORGANOVO HOLDINGS INC,-11982.0,-426.0,-856.0,-1498.0,-856.0,-1498.0,-1070.0,-1498.0,-856.0,-1070.0,-2354.0,68620A203
ARKQ,PATH,UIPATH INC - CLASS A,273336.0,-1490.0,81940.0,98338.0,48375.0,57193.0,-1725.0,-2415.0,-1376.0,-1720.0,-3784.0,90364P105
ARKQ,PCAR,PACCAR INC,-26992.0,-964.0,-1928.0,-3374.0,-1928.0,-3374.0,-2410.0,-3374.0,-1928.0,-2410.0,-5302.0,693718108
ARKQ,PRLB,PROTO LABS INC,-15702.0,-560.0,-1120.0,-1960.0,-1124.0,-1960.0,-1405.0,-1967.0,-1120.0,-1405.0,-3081.0,743713109
ARKQ,RAVN,RAVEN INDUSTRIES INC,-97044.0,-3466.0,-6928.0,-12131.0,-6932.0,-12131.0,-8665.0,-12131.0,-6932.0,-8665.0,-19063.0,754212108
ARKQ,SNPS,SYNOPSYS INC,-10349.0,-370.0,-736.0,-1295.0,-740.0,-1288.0,-925.0,-1295.0,-740.0,-925.0,-2035.0,871607107
ARKQ,SPCE,VIRGIN GALACTIC HOLDINGS INC,-1721387.0,-22.0,-44.0,-77.0,7879.0,-571184.0,-601939.0,-512000.0,-8800.0,-11000.0,-24200.0,92766K106
ARKQ,SPFR,JAWS SPITFIRE ACQUISITION-A,28446.0,-7050.0,-14100.0,-24675.0,-14104.0,-24682.0,-17625.0,92064.0,-13492.0,-16865.0,68975.0,G50740102
ARKQ,SSYS,STRATASYS LTD,-89548.0,-3198.0,-6396.0,-11193.0,-6400.0,-11193.0,-7995.0,-11193.0,-6396.0,-7995.0,-17589.0,M85548101
ARKQ,TCEHY,TENCENT HOLDINGS LTD-UNS ADR,-35101.0,-1254.0,-2504.0,-4389.0,-2508.0,-4382.0,-3135.0,-4389.0,-2508.0,-3135.0,-6897.0,88032Q109
ARKQ,TDY,TELEDYNE TECHNOLOGIES INC,-116576.0,-254.0,-508.0,-889.0,-508.0,-17900.0,-745.0,-1043.0,-18347.0,-40093.0,-36289.0,879360105
ARKQ,TER,TERADYNE INC,166566.0,-2792.0,-5584.0,-9772.0,-5584.0,-9772.0,74891.0,146879.0,-4340.0,-5425.0,-11935.0,880770102
ARKQ,TRMB,TRIMBLE INC,-169719.0,-6060.0,-12120.0,-21210.0,-12124.0,-21217.0,-15155.0,-21217.0,-12120.0,-15155.0,-33341.0,896239100
ARKQ,TSLA,TESLA INC,-37444.0,-1336.0,-2672.0,-4676.0,-2676.0,-4676.0,-3345.0,-4683.0,-2676.0,-3345.0,-7359.0,88160R101
ARKQ,TSP,TUSIMPLE HOLDINGS INC - A,-60160.0,-2148.0,-4296.0,-7518.0,-4300.0,-7518.0,-5375.0,-7525.0,-4296.0,-5370.0,-11814.0,90089L108
ARKQ,TWOU,2U INC,-72867.0,-2602.0,-5204.0,-9107.0,-5208.0,-9107.0,-6505.0,-9114.0,-5204.0,-6505.0,-14311.0,90214J101
ARKQ,U,UNITY SOFTWARE INC,220141.0,-2142.0,-4284.0,-7497.0,-4284.0,-7497.0,-5355.0,165887.0,-3380.0,61958.0,26735.0,91332U101
ARKQ,VUZI,VUZIX CORP,138747.0,-6040.0,-12080.0,-21140.0,-12080.0,-21140.0,-15100.0,-21140.0,120709.0,119525.0,7233.0,92921W300
ARKQ,WKHS,WORKHORSE GROUP INC,-4688228.0,-74.0,-152.0,-141931.0,-1516089.0,-15799.0,-915494.0,-1978693.0,-23996.0,-30000.0,-66000.0,98138J206
ARKQ,XONE,EXONE CO/THE,-60512.0,-2160.0,-4320.0,-7560.0,-4324.0,-7560.0,-5405.0,-7567.0,-4320.0,-5405.0,-11891.0,302104104
ARKW,,DREYFUS GOVT CASH MAN INS,-4184054.5,-4992421.25,-8874687.74,-1547979.42,3217639.21,2866872.29,1681345.82,2385524.08,5341004.07,-5808514.5,1547162.94,X9USDDGCM
ARKW,ADYEY,ADYEN NV-UNSPON ADR,-463597.0,,-52550.0,-24096.0,-129245.0,-66003.0,,-48260.0,-32143.0,-52200.0,-59100.0,00783V104
ARKW,API,AGORA INC-ADR,-568973.0,-283508.0,-11550.0,-16800.0,-70393.0,-125114.0,,-12470.0,-8736.0,-4992.0,-35410.0,00851L103
ARKW,BEKE,KE HOLDINGS INC-ADR,-152384.0,,-20955.0,-30464.0,-15240.0,-30480.0,,-19050.0,-13335.0,-7620.0,-15240.0,482497104
ARKW,BIDU,BAIDU INC - SPON ADR,-517451.0,-3300.0,-55.0,-80.0,-40.0,-110474.0,,-1330.0,-222362.0,-64457.0,-115353.0,056752108
ARKW,COIN,COINBASE GLOBAL INC -CLASS A,21844.0,,48842.0,-11600.0,-5808.0,-11600.0,,-7250.0,-5075.0,19935.0,-5600.0,19260Q107
ARKW,CRWD,CROWDSTRIKE HOLDINGS INC - A,-319130.0,-420.0,-2544.0,-64.0,-32.0,-64.0,-120016.0,-189207.0,-2499.0,-1428.0,-2856.0,22788C105
ARKW,DIS,WALT DISNEY CO/THE,150556.0,150556.0,,,,,,,,,,254687106
ARKW,DKNG,DRAFTKINGS INC - CL A,158087.0,,-27577.0,-40112.0,-20064.0,145332.0,,-22930.0,148710.0,-8424.0,-16848.0,26142R104
ARKW,DOCU,DOCUSIGN INC,-57204.0,,-30777.0,-6128.0,-3064.0,-6128.0,,-3830.0,-2681.0,-1532.0,-3064.0,256163106
ARKW,FSLY,FASTLY INC - CLASS A,-1368875.0,-2400.0,-11187.0,-272.0,-136.0,-272.0,,-1481966.0,-11977.0,-6844.0,146179.0,31188V100
ARKW,GBTC,GRAYSCALE BITCOIN TRUST BTC,-681141.0,,-93654.0,-136192.0,-68120.0,-136240.0,,-85150.0,-59605.0,-34060.0,-68120.0,389637109
ARKW,HUBS,HUBSPOT INC,-22024.0,,-12088.0,-2304.0,-1152.0,-2304.0,,-1440.0,-1008.0,-576.0,-1152.0,443573100
ARKW,HUYA,HUYA INC-ADR,-340436.0,,-45628.0,-66352.0,-33192.0,-66368.0,-8314.0,-41580.0,-29106.0,-16632.0,-33264.0,44852D108
ARKW,ICE,INTERCONTINENTAL EXCHANGE IN,-127916.0,,-6457.0,-9376.0,-81618.0,-10832.0,,-6770.0,-4739.0,-2708.0,-5416.0,45866F104
ARKW,JD,JD.COM INC-ADR,-195344.0,,-26862.0,-39056.0,-19536.0,-39072.0,,-24420.0,-17094.0,-9768.0,-19536.0,47215P106
ARKW,LC,LENDINGCLUB CORP,-415364.0,,-55671.0,-80960.0,-40496.0,-80976.0,-10144.0,-50730.0,-35511.0,-20292.0,-40584.0,52603A208
ARKW,MELI,MERCADOLIBRE INC,-3371.0,,-473.0,-672.0,-336.0,-672.0,,-420.0,-294.0,-168.0,-336.0,58733R102
ARKW,NET,CLOUDFLARE INC - CLASS A,74193.0,,-13167.0,-19152.0,-9576.0,-19152.0,,154373.0,-7049.0,-4028.0,-8056.0,18915M107
ARKW,NFLX,NETFLIX INC,-52807.0,-26621.0,-12386.0,-3200.0,-1600.0,-3200.0,,-2000.0,-1400.0,-800.0,-1600.0,64110L106
ARKW,NNDM,NANO DIMENSION LTD - ADR,2265824.0,,-103367.0,-150320.0,-75192.0,947637.0,340946.0,1420560.0,-42168.0,-24088.0,-48184.0,63008G203
ARKW,NTDOY,NINTENDO CO LTD-UNSPONS ADR,-73245.0,,-10065.0,-14640.0,-7328.0,-14656.0,,-9160.0,-6412.0,-3664.0,-7320.0,654445303
ARKW,NVDA,NVIDIA CORP,-20758.0,-218.0,-811.0,-16.0,-8.0,-16.0,,-10.0,-7.0,-4.0,-19668.0,67066G104
ARKW,OKTA,OKTA INC,129278.0,,-3201.0,-4656.0,-2328.0,-4656.0,54063.0,92355.0,-847.0,-484.0,-968.0,679295105
ARKW,OPEN,OPENDOOR TECHNOLOGIES INC,-2135820.0,,-59433.0,-86432.0,-43232.0,-1734745.0,,-73100.0,-51170.0,-29236.0,-58472.0,683712103
ARKW,PATH,UIPATH INC - CLASS A,317184.0,,146689.0,-11568.0,95154.0,100742.0,,-4770.0,-3339.0,-1908.0,-3816.0,90364P105
ARKW,PD,PAGERDUTY INC,-162521.0,,-21780.0,-31680.0,-15848.0,-31680.0,-3968.0,-19850.0,-13895.0,-7940.0,-15880.0,69553P100
ARKW,PDD,PINDUODUO INC-ADR,79788.0,,-12947.0,-18816.0,-9416.0,78804.0,,-10640.0,-7448.0,-4256.0,64507.0,722304102
ARKW,PINS,PINTEREST INC- CLASS A,-1080755.0,,-8121.0,-176.0,-96.0,-192.0,-41467.0,-1007702.0,-8477.0,-4844.0,-9680.0,72352L106
ARKW,PLTR,PALANTIR TECHNOLOGIES INC-A,483920.0,,-73590.0,-107024.0,620124.0,205377.0,,-55510.0,-38857.0,-22200.0,-44400.0,69608A108
ARKW,PSTG,PURE STORAGE INC - CLASS A,-927885.0,,-33352.0,-48496.0,-24256.0,-704018.0,-7596.0,-37990.0,-26593.0,-15192.0,-30392.0,74624M102
ARKW,PTON,PELOTON INTERACTIVE INC-A,279256.0,,-22539.0,-32784.0,-16400.0,-32784.0,,272385.0,130026.0,-6216.0,-12432.0,70614W100
ARKW,PYPL,PAYPAL HOLDINGS INC,-88952.0,,-25724.0,-6592.0,-3296.0,-6592.0,,-4120.0,-2884.0,-1648.0,-38096.0,70450Y103
ARKW,RBLX,ROBLOX CORP -CLASS A,146347.0,,-11792.0,-17152.0,-8584.0,-17168.0,,-10730.0,-7511.0,-4292.0,223576.0,771049103
ARKW,ROKU,ROKU INC,-14573.0,,-8514.0,41525.0,12488.0,-11024.0,,-6890.0,-4823.0,-2756.0,-34579.0,77543R102
ARKW,SE,SEA LTD-ADR,-11759.0,,-8778.0,-12768.0,-6384.0,-12768.0,,42999.0,-5180.0,-2960.0,-5920.0,81141R100
ARKW,SHOP,SHOPIFY INC - CLASS A,-21520.0,,-2959.0,-4304.0,-2152.0,-4304.0,,-2690.0,-1883.0,-1076.0,-2152.0,82509L107
ARKW,SI,SILVERGATE CAPITAL CORP-CL A,-193704.0,,-33.0,-48.0,2452.0,,,,,-48995.0,-147080.0,82837P408
ARKW,SKLZ,SKILLZ INC,884300.0,,-103664.0,-150752.0,-75400.0,-150784.0,,-9394.0,1110765.0,324265.0,-60736.0,83067L109
ARKW,SNAP,SNAP INC - A,-110880.0,,-15246.0,-22176.0,-11088.0,-22176.0,,-13860.0,-9702.0,-5544.0,-11088.0,83304A106
ARKW,SNOW,SNOWFLAKE INC-CLASS A,98.0,,,,98.0,,,,,,,833445109
ARKW,SPOT,SPOTIFY TECHNOLOGY SA,-88601.0,,-12177.0,-17712.0,-8864.0,-17728.0,,-11080.0,-7756.0,-4428.0,-8856.0,L8681T102
ARKW,SQ,SQUARE INC - A,-108880.0,,-14971.0,-21776.0,-10888.0,-21776.0,,-13610.0,-9527.0,-5444.0,-10888.0,852234103
ARKW,TCEHY,TENCENT HOLDINGS LTD-UNS ADR,-122623.0,-135332.0,-17589.0,-25584.0,-12792.0,-25584.0,,-15990.0,-11193.0,49521.0,71920.0,88032Q109
ARKW,TDOC,TELADOC HEALTH INC,-32914.0,,-22715.0,-33040.0,-16528.0,-33056.0,,-20660.0,63955.0,-7908.0,37038.0,87918A105
ARKW,TREE UW,LENDINGTREE INC,-129828.0,,-22.0,-68873.0,-30423.0,-1904.0,-240.0,-1200.0,-840.0,-480.0,-25846.0,52603B107
ARKW,TSLA,TESLA INC,-88640.0,,-12188.0,-17728.0,-8864.0,-17728.0,,-11080.0,-7756.0,-4432.0,-8864.0,88160R101
ARKW,TTD,TRADE DESK INC/THE -CLASS A,-12514.0,,-2915.0,-4240.0,-2120.0,32105.0,,-2230.0,-16346.0,-956.0,-15812.0,88339J105
ARKW,TWLO,TWILIO INC - A,123120.0,,-7623.0,-11088.0,-5544.0,19427.0,,137334.0,-3458.0,-1976.0,-3952.0,90138F102
ARKW,TWOU,2U INC,-142775.0,,-19129.0,-27824.0,-13920.0,-27840.0,-3486.0,-17440.0,-12208.0,-6976.0,-13952.0,90214J101
ARKW,TWTR,TWITTER INC,1144766.0,,-54692.0,-79536.0,-39784.0,-79568.0,145914.0,552620.0,-28826.0,-16472.0,745110.0,90184L102
ARKW,U,UNITY SOFTWARE INC,-153695.0,,-21131.0,-30736.0,-15376.0,-30736.0,,-19210.0,-13454.0,-7684.0,-15368.0,91332U101
ARKW,VCYT,VERACYTE INC,-124772.0,,-16720.0,-24320.0,-12168.0,-24320.0,-3048.0,-15240.0,-10668.0,-6096.0,-12192.0,92337F107
ARKW,Z,ZILLOW GROUP INC - C,-162190.0,,-15521.0,-22576.0,-11296.0,-22576.0,,-14110.0,-9877.0,-5644.0,-60590.0,98954M200
ARKW,ZM,ZOOM VIDEO COMMUNICATIONS-A,-49571.0,,-6809.0,-9904.0,-4960.0,-9920.0,2.0,-6200.0,-4340.0,-2480.0,-4960.0,98980L101
ARKX,,DREYFUS GOVT CASH MAN INS,-926949.39,-2060886.01,568360.82,-1029409.85,-994369.04,1969356.97,619997.72,,,,,X9USDDGCM
ARKX,3690,MEITUAN-CLASS B,30600.0,-11400.0,,-2400.0,,,44400.0,,,,,BGJW376
ARKX,6301,KOMATSU LTD,-34500.0,-28500.0,,-6000.0,,,,,,,,6496584
ARKX,ACIC,ATLAS CREST INVESTMENT COR-A,-15276.0,-12616.0,,-2660.0,,,,,,,,049284102
ARKX,ADSK,AUTODESK INC,-690.0,-570.0,,-120.0,,,,,,,,052769106
ARKX,AIR,AIRBUS SE,-3289.0,-2717.0,,-572.0,,,,,,,,4012250
ARKX,AMZN,AMAZON.COM INC,-230.0,-190.0,,-40.0,,,,,,,,023135106
ARKX,ANSS,ANSYS INC,-690.0,-570.0,,-120.0,,,,,,,,03662Q105
ARKX,AVAV,AEROVIRONMENT INC,-2342.0,-1938.0,,-404.0,,,,,,,,008073108
ARKX,BA,BOEING CO/THE,-3335.0,-2755.0,,-580.0,,,,,,,,097023105
ARKX,BABA,ALIBABA GROUP HOLDING-SP ADR,-1633.0,-1349.0,,-284.0,,,,,,,,01609W102
ARKX,DE,DEERE & CO,-7557.0,-855.0,,-180.0,-3222.0,,-3300.0,,,,,244199105
ARKX,DSY,DASSAULT SYSTEMES SE,-2760.0,-2280.0,,-480.0,,,,,,,,5330047
ARKX,ESLT,ELBIT SYSTEMS LTD,-2461.0,-2033.0,,-428.0,,,,,,,,M3760D101
ARKX,GOOG,ALPHABET INC-CL C,-276.0,-228.0,,-48.0,,,,,,,,02079K107
ARKX,GRMN U,GARMIN LTD,-3174.0,-2622.0,,-552.0,,,,,,,,B3Z5T14
ARKX,HEI,HEICO CORP,-2139.0,-1767.0,,-372.0,,,,,,,,422806109
ARKX,HO,THALES SA,-9315.0,-7695.0,,-1620.0,,,,,,,,4162791
ARKX,HON,HONEYWELL INTERNATIONAL INC,-1196.0,-988.0,,-208.0,,,,,,,,438516106
ARKX,IRDM,IRIDIUM COMMUNICATIONS INC,81007.0,-18823.0,22000.0,58786.0,19044.0,,,,,,,46269C102
ARKX,JD,JD.COM INC-ADR,1176.0,-16739.0,,-3524.0,21439.0,,,,,,,47215P106
ARKX,KTOS,KRATOS DEFENSE & SECURITY,72372.0,-18116.0,58500.0,31988.0,,,,,,,,50077B207
ARKX,LHX,L3HARRIS TECHNOLOGIES INC,-5796.0,-4788.0,,-1008.0,,,,,,,,502431109
ARKX,LMT,LOCKHEED MARTIN CORP,-2672.0,-2204.0,,-468.0,,,,,,,,539830109
ARKX,NFLX,NETFLIX INC,-828.0,-684.0,,-144.0,,,,,,,,64110L106
ARKX,NVDA,NVIDIA CORP,-966.0,-798.0,,-168.0,,,,,,,,67066G104
ARKX,PATH,UIPATH INC - CLASS A,-3197.0,-2641.0,,-556.0,,,,,,,,90364P105
ARKX,PRNT,THE 3D PRINTING ETF,81735.0,-34884.0,20300.0,29308.0,21840.0,28011.0,17160.0,,,,,00214Q500
ARKX,RAVN,RAVEN INDUSTRIES INC,-11661.0,-9633.0,,-2028.0,,,,,,,,754212108
ARKX,RTP,REINVENT TECHNOLOGY-CLASS A,-39844.0,-32908.0,,-6936.0,,,,,,,,G7483N129
ARKX,SNPS,SYNOPSYS INC,-943.0,-779.0,,-164.0,,,,,,,,871607107
ARKX,SPCE,VIRGIN GALACTIC HOLDINGS INC,-300238.0,-6228.0,,-48.0,-293962.0,,,,,,,92766K106
ARKX,SPFR,JAWS SPITFIRE ACQUISITION-A,-26753.0,-22097.0,,-4656.0,,,,,,,,G50740102
ARKX,SPR,SPIRIT AEROSYSTEMS HOLD-CL A,-15617.0,-12901.0,,-2716.0,,,,,,,,848574109
ARKX,TCEHY,TENCENT HOLDINGS LTD-UNS ADR,-2898.0,-2394.0,,-504.0,,,,,,,,88032Q109
ARKX,TDY,TELEDYNE TECHNOLOGIES INC,-667.0,-551.0,,-116.0,,,,,,,,879360105
ARKX,TER,TERADYNE INC,16483.0,-3914.0,,-824.0,21221.0,,,,,,,880770102
ARKX,TRMB,TRIMBLE INC,-26270.0,-21698.0,,-4572.0,,,,,,,,896239100
ARKX,WKHS,WORKHORSE GROUP INC,-855879.0,-140727.0,-385949.0,-329203.0,,,,,,,,98138J206
